did,name
43849,2018-Airplane-Flights
43476,3-million-Sudoku-puzzles-with-ratings
43497,5-years-historical-stock-quotes
46801,ACSIncome
46802,ACSPublicCoverage
42728,Airlines_DepDelay_10M
46237,Australian-Electricity-Demand
46793,BAF_base
45279,BOT-IoT
5889,COMET_MC
45556,Click
46247,Covid19-us
46103,FitBit_HeartRate
46102,FitBit_Steps
45570,Higgs
46231,M4-competition-daily
42701,Methane
43573,New-York-Citi-Bike-Trip-Duration-2016
43354,Radar-Traffic-Data
46251,Solar-Power
46252,Wind-Power
45582,cleaned-Edge-IIoTset
45045,delays_zurich_transport
41214,freMTPL2freq
43955,poker
42732,sf-police-incidents
46734,world_food_wealth_bank
